,very-Low,Low,moderate,high
E1-10,0.97265625,0.960227273,1,1
E10-20,0.99609375,1,1,1
E20-40,1,1,1,1
E40-80,1,1,1,1
E80-100,1,1,1,1
